Name,Average
Devam,69.0
Dhwanit,78.66666666666667
Akshat,88.0
Moksha,86.0
Aarav,83.0
Isha,82.66666666666667
Kabir,74.33333333333333
Anaya,85.66666666666667
Pranav,83.33333333333333
Diya,79.66666666666667
Rohan,85.33333333333333
Riya,77.33333333333333
Karan,76.33333333333333
Sneha,83.0
Yash,81.0
Meera,81.33333333333333
Sahil,83.33333333333333
Tara,75.33333333333333
Aditya,80.33333333333333
Ishaan,83.66666666666667
